TacGia,NoiDung,URL,BinhLuan,ChuDe,CoTiengLong_MiaMai,PhanTramTieuCuc,DanhGia,MucDoRuiRo,DeXuatXuLy,NgayXuLy,LinhVuc
SkilledBison7187,"Nay ngày quốc tế im lặng hả mn nay tui nt cho ai là ng đó im lặng còn bth thì nhắn tin cho tui muốn cháy máy, r là sao nữa z
????? (Lâu lâu cái có 1 ngày ? thật:))",https://www.facebook.com/groups/mku.cfs/posts/2210421519697984/, Tổng số linhg luận: 0,"[""CHƯA XÁC ĐỊNH""]",FALSE,0,Đánh giá: CHƯA XÁC ĐỊNH Phân tích bài viết:  Phân tích bình luận:  Lý do dánh giá: ,CHƯA XÁC ĐỊNH,Không cần xử lý,19:35:39 28/4/2026,
03 nhữngconcásẽphảitrảgiá,dài quá duyệt lâu huhu,https://www.facebook.com/groups/mku.cfs/posts/2210385893034880/,Thành Huyy: Hữu Đức Phát Đạt Chí Hoàng hài ác | Hoài Bảo: Đã dị | Mưa Bay: Hoài Bảo ối trời ở chung phòng với nhau mà ko có thời gian dọn vệ sinh luôn hay sao e Tổng số linhg luận: 5,"[""Học thuật"",""Quản trị, Tài chính, Nhân sự""]",FALSE,18.42,Đánh giá: Bình thường Phân tích bài viết: Nội dung bài viết chỉ mô tả ngắn gọn vấn đề về thời gian đọc và không có từ khóa tiêu cực cụ thể. Phân tích bình luận: Có 2 bình luận châm biếm về thái độ của một học sinh. Không có bình luận tiêu cực khác. Lý do dánh giá: Nội dung bài viết chỉ nói về thời gian đọc và không chứa từ khóa tiêu cực cụ thể. Điểm thấp do nhiều bình luận châm biếm nhưng chưa đạt đến mức tiêu cực,Thấp,Không cần xử lý,19:36:43 28/4/2026,
HappyFrog2308,ai đi ăn ko,https://www.facebook.com/groups/mku.cfs/posts/2210363866370416/,Hoanq Phonqq: đi Thànhh Đạtt | Thànhh Đạtt: Hoanq Phonqq mới ăn xg | Hoanq Phonqq: Thànhh Đạtt nhờ gió gửi nắng bên anh | Người tham gia ẩn danh 880: Ăn gì bạn Tổng số linhg luận: 4,"[""Đời sống sinh viên""]",FALSE,15,"Đánh giá: Trung tính / Bình thường Phân tích bài viết: Nội dung bài viết chỉ đề cập đến việc ai đi ăn, không chứa từ khóa hoặc cảm xúc tiêu cực. Phân tích bình luận: Không có bình luận tiêu cực trong bài viết này. Lý do dánh giá: Bài viết và bình luận chủ yếu nói về sự kiện cá nhân của người dùng. Không có từ khóa tiêu cực nào xuất hiện.",Thấp,Không cần xử lý,19:37:42 28/4/2026,
,Mình cần tìm việc làm thêm ạ. Ưu tiên ca tối. Không biết có tính là ưu điểm không nhưng mình biết nhiều ngoại ngữ.,https://www.facebook.com/groups/mku.cfs/posts/2210326893040780/,"TalentedRadish6139: Em biết những ngoại ngữ nào | Người tham gia ẩn danh: TalentedRadish6139 em sử dụng tốt tiếng Anh. Ngoài ra em biết tiếng Hàn và một ít tiếng Trung ạ. | Người tham gia ẩn danh: Có thể nhận kèm AV, đặc biệt là giao tiếp ạ. | Người tham gia ẩn danh: Bbbb. | Người tham gia ẩn danh: Anonymous participant lên lên lên. | Người tham gia ẩn danh: Anonymous participant 123456. Tổng số linhg luận: 6","[""Nghề nghiệp"",""Tiếng ngoại ngữ""]",FALSE,0,Đánh giá: Trung tính / Bình thường Phân tích bài viết: Nội dung bài viết chủ yếu nói về việc tìm kiếm công việc và sở thích của tác giả trong việc sử dụng ngoại ngữ. Phân tích bình luận:  Lý do dánh giá: Không có từ khóa tiêu cực nào được phát hiện. Bài viết không chứa bất kỳ nội dung tiêu cực hoặc hại suy nghĩ nào.,Thấp,Không cần xử lý,19:56:44 28/4/2026,
FunKangaroo255,"Cho em hỏi thi kết thúc học phần môn hán nôm là thi ra sao vậy ạ, có được coi tài liệu không",https://www.facebook.com/groups/mku.cfs/posts/2210308629709273/,Người tham gia ẩn danh 209: Tháng là chữ Nôm sáng tạo trong đó bộ nguyệt chỉ nghĩa chữ thượng làm âm Tổng số linhg luận: 1,"[""Đời sống sinh viên""]",FALSE,20,"Đánh giá: Trung tính / Bình thường Phân tích bài viết: Bài viết hỏi về cách đánh giá kết quả học tập và tài liệu của môn hán nôm. Phân tích bình luận: Bình luận đề cập đến một khái niệm thú vị trong chữ Nôm, không chứa từ khóa tiêu cực nào. Lý do dánh giá: Chủ đề là về câu hỏi thông tin học tập và có thể là những gì mà sinh viên thường gặp phải. Không tìm thấy từ khóa hoặc cụm từ tiêu cực nào.",Thấp,Không cần xử lý,19:57:42 28/4/2026,
TurquoiseNectarine3420,Cho em hỏi không kí điểm quá trình thì có thể xin kí lại sau được hay không,https://www.facebook.com/groups/mku.cfs/posts/2210238146382988/, Tổng số linhg luận: 0,"[""CHƯA XÁC ĐỊNH""]",FALSE,0,Đánh giá: CHƯA XÁC ĐỊNH Phân tích bài viết:  Phân tích bình luận:  Lý do dánh giá: ,CHƯA XÁC ĐỊNH,Không cần xử lý,19:58:39 28/4/2026,
,"cho em hỏi có ai pass giường hay tủ , kệ gì k ạ",https://www.facebook.com/groups/mku.cfs/posts/2210231536383649/, Tổng số linhg luận: 0,"[""Đời sống sinh viên""]",FALSE,0,"Đánh giá: Trung tính / Bình thường Phân tích bài viết: Không có từ khóa tiêu cực nào được tìm thấy trong bài viết. Phân tích bình luận: Bình luận không chứa bất kỳ từ khóa tiêu cực nào và chủ đề của bài viết khá phổ biến, nên không thể đánh giá mức độ tiêu cực cao. Lý do dánh giá: Không có từ khóa tiêu cực nào xuất hiện. Bài viết chỉ nói về việc hỏi thông tin và chia sẻ liên hệ cá nhân.",Thấp,Không cần xử lý,19:59:18 28/4/2026,
,Dạ cho e hỏi mấy achi là quân sự bắt đầu học vào tầm bao nhiêu tháng 6 vậy ạ. Với lại thi xong hk2 mình có được nghỉ liền luôn hong ạ,https://www.facebook.com/groups/mku.cfs/posts/2210226049717531/,Mưa Bay: Thi xong nếu co tkb thì học nếu ko có tkb thì nghỉ có lịch học quân sự thì chờ lịch chính thức mới biết chính xác học tầm bao nhiêu trong tháng 6 nhá e Tổng số linhg luận: 1,"[""Hỏi thông tin"",""Đời sống sinh viên""]",FALSE,0,"Đánh giá: Trung tính / Bình thường Phân tích bài viết: Bài viết và bình luận chủ yếu hỏi thông tin về lịch trình học của quân sự và có thể nghi ngờ độ chính xác của câu trả lời. Phân tích bình luận:  Lý do dánh giá: Không có từ khóa tiêu cực nào xuất hiện. Nội dung chỉ đơn giản là một câu hỏi và một phản hồi, không chứa thông tin sai lệch hoặc thái độ tiêu cực về Đại học Cửu Long.",Thấp,Không cần xử lý,20:00:16 28/4/2026,
Duy Khanh,"Giải bóng chuyền nội bộ ĐẠI HỌC CỬU LONG 4×4 tranh cúp K-Supper lần thứ 1
Ngày10/05/2026 (chủ nhật)
Mục đích. Giao lưu, tạo sân chơi lành mạnh cho các dân chơi
… Xem thêm",https://www.facebook.com/groups/mku.cfs/posts/2210109939729142/, Tổng số linhg luận: 3,"[""Giao lưu"",""Đội bóng chuyền""]",FALSE,17.69230769,"Đánh giá: Trung tính / Bình thường Phân tích bài viết: Bài viết chủ yếu đề cập đến một giải đấu bóng chuyền nội bộ của Đại học Cửu Long, không có từ khóa tiêu cực. Phân tích bình luận:  Lý do dánh giá: Không thấy từ khóa tiêu cực nào trong bài viết hoặc bình luận. Điểm đánh giá dựa trên ngữ cảnh.",Thấp,Không cần xử lý.,20:01:21 28/4/2026,
,mn cho hỏi chứng nhận b1 anh văn thi ôn và thi có 1tr5. làm j có người lên nói hỗ trợ rồi lấy 16 triệu là j vậy. bị ngáo hả,https://www.facebook.com/groups/mku.cfs/posts/2210212179718918/,"Thanh Phương: b1 tiếng anh hay là b1 số tự động bằng lái xe =)) | Mưa Bay: Trường hợp này e nên báo cáo về trường về dấu hiệu lừa đảo nhá e để thầy cô có hướng giải quyết cho e tránh tình trạng sv bị mất tiền oan | Hồ Phú Thêm: Coi chừng đào lửa nha tr b1 mà 16tr thì thêm tiền học toeic hay ielts luôn dc rồi á. | Người tham gia ẩn danh 591: Coi chừng bị lừa nhé . Mình thi b1 anh văn tại trường nhẹ nhàng qua thôi ko quá khó nhé , ôn theo đề cương thầy cô cho là làm thôi . Cực cái là phải về trường thi | Người tham gia ẩn danh: Người tham gia ẩn danh 591 thì bởi z. Thi b1 mà đưa nó 16 muốn gần 3 học kì | Người tham gia ẩn danh 591: Người tham gia ẩn danh báo lại trường nha bạn . Hoặc báo công an có dấu hiệu lừa đảo chiếm đoạt tài sản Tổng số linhg luận: 6","[""scam"",""lừa đảo""]",TRUE,75,"Đánh giá: Tiêu cực Phân tích bài viết: Bài viết và bình luận đều đề cập đến việc có người nhận được hỗ trợ từ trường với giá trị lớn (16 triệu), tạo cảm giác bị lừa đảo. Phân tích bình luận: Có nhiều bình luận nêu về dấu hiệu lừa đảo, với các cụm từ như 'báo cáo', 'dấu hiệu lừa đảo' và 'cảnh báo' Lý do dánh giá: Điểm cao từ từ khóa 'lừa đảo' và 'scam'. Nhóm cảm xúc cũng đánh dấu mức tiêu cực cao.",Cao,Báo cáo trường về việc lừa đảo. Xem xét tạo cơ chế phản hồi để người dùng có thể báo cáo bất kỳ vấn đề nào.,20:03:05 28/4/2026,
,Trường Đại học Cửu Long: Kiến tạo vị thế trong hệ sinh thái giáo dục toàn cầu - Báo Công an Thành Phố Hồ Chí Minh,https://news.google.com/rss/articles/CBMiuAFBVV95cUxPRF9XQV9WeGl3ZXJsT3JmVnVOck9ReEYybDZTZlNzc0tKY3VaRTBSV2ctSV9KUjl3ZXRGRERfeXJpYmkyY1VVcS1lWk1hcFpPUkZpWEdWNjQwaUd4aFdUczVkaUZFWUJLSXBLdXR3V3ozc3NHTW9CMGZsbGtoSmhHZlRIN0J0ZGhCcmtfb1ctRTljVzRCS0JjbENDdTNYN3J4S2YzWDJCZUdJWkVRdi1jcEc3eXR2aEVW?oc=5,,Kiến tạo vị thế trong hệ sinh thái giáo dục toàn cầu,FALSE,10,"Trung tính / Bình thường Phân tích bài viết: Bài viết không chứa bất kỳ từ khóa tiêu cực nào, chỉ đề cập đến việc Đại học Cửu Long đang cố gắng xây dựng vị thế trong hệ sinh thái giáo dục toàn cầu. 
Lý do phân tích: Đại học Cửu Long đang thực hiện một chương trình phát triển chất lượng giáo dục trên quốc tế, không có bất kỳ từ khóa tiêu cực nào được sử dụng.",Thấp,Không cần xử lý,20:42:07 28/4/2026,
,"Trường ĐH Cửu Long khen thưởng và trao học bổng, miễm giảm học phí cho tân sinh viên khóa 26 gần 9,8 tỷ đồng - Bao Vinh Long",https://news.google.com/rss/articles/CBMi6wFBVV95cUxOenpILTBDVDh6ZHRHak5vQ3RHdFBVVldNeEk0RGRUbG9BTjBjMmpJVVV0dVE1LVlxM0QxY0dVcDRFaHAyQV9lX09QR3ljN00xczZZaVl0UjBjMVhFU19DcUxfRDBDZ2VuUmU5TWxJRkUtR2szcXkzNkpsSW0zYTdQVF84cWZpUFdPR214UVJwUElWdENGY2c2NjhfazVoczVEdzZxWWtqZjViYlptWm9RSmRwUzFNeFE1RXJTYktMOE1sOHExZGNIWHlsVEZadHdsaDNMMm5rdFhnYzFnTWZfWWlCbjhicEVkRmNv?oc=5,,Đánh giá và khen thưởng,FALSE,25,"Trung tính / Bình thường Phân tích bài viết: Bài viết đề cập đến việc trường ĐH Cửu Long khen thưởng và trao học bổng cho tân sinh viên khóa 26, không có từ khóa tiêu cực nào. 
Lý do phân tích: Chủ đề bài viết liên quan đến hoạt động chính trị của trường đại học và không chứa từ khóa tiêu cực hoặc tiếng lóng/mỉa mai.",Thấp,Không cần xử lý,20:42:42 28/4/2026,
,"A/c kiến tập ngân hàng giải đáp giúp em với ạ.
Chuyện là em muốn kiến tập ở ngân hàng ở quê(chi nhánh huyện ạ), khi có giấy giới thiệu ở trường thì nộp xin vào ngân hàng thì có được đi kiến tập không ạ?Hay có cần thêm giấy tờ gì không ạ?
(A/c nào thực tập ở các ngân hàng Nam Á Bank, LP Bank,v.v..v(không phải MBBank ạ)giải đáp giúp em với ạ).Em KHÔNG có quen ai trong ngân hàng ạ:<<",https://www.facebook.com/groups/mku.cfs/posts/2210433759696760/, Tổng số linhg luận: 0,"[""Hỏi thông tin""]",FALSE,0.1875,"Đánh giá: Trung tính / Bình thường Phân tích bài viết: Bài viết chủ yếu hỏi về quy trình kiến tập tại ngân hàng, không có từ khóa tiêu cực. Phân tích bình luận:  Lý do dánh giá: Chủ đề và nội dung của bài viết là vấn đề thông tin học thuật và không chứa từ khóa tiêu cực. Điểm đánh giá dựa trên ngữ cảnh.",Thấp,Không cần xử lý,21:16:09 28/4/2026,
,gần trường có chỗ nào còn trọ dưới 1tr hong ạ tớ đang cần gấp,https://www.facebook.com/groups/mku.cfs/posts/2210428319697304/,Phạm Hạnh: Bên cf hoa sứ nè Tổng số linhg luận: 1,"[""chủ đề tự suy luận hoặc từ khóa""]",FALSE,20,"Đánh giá: Trung tính / Bình thường Phân tích bài viết: Bài viết đề cập đến việc cần trọ dưới giá hạn mức, thể hiện cảm xúc khó chịu về điều này. Phân tích bình luận:  Lý do dánh giá: Mức độ tiêu cực thấp vì chỉ có một bình luận đơn giản và không chứa từ khóa nào trong danh sách từ khóa.",Thấp,Không cần xử lý,21:17:00 28/4/2026,
,"Mô hình đào tạo theo ""đặt hàng"" tại Trường Đại học Cửu Long - Báo Người Lao Động",https://news.google.com/rss/articles/CBMioAFBVV95cUxPcGtZZHhUSncyUm52TmJ4c2tua3lPMVpEUExBc2cxYWN5VXJyaUY0LW5ReDJlUGxHRWRwOUJMQ3hIN0VRQkxvUDlmclctdlQwdGxhSXlwNFpaeXNMSm42aW1Uemt4bEJQMEJHNU1SeHNpWko1RGtodjFkbTY3SFJGcnhhVFAxSU9WYmRLZEpQeVcyalBOSml2SGhoMXlpVnFX?oc=5,,Đào tạo,FALSE,0,"Trung tính / Bình thường Phân tích bài viết: Bài viết là một bản tin báo chí phân tích về mô hình đào tạo theo 'đặt hàng' tại trường đại học. Nội dung mang tính chất thông tin và nghiên cứu, hiện không chứa các từ khóa tiêu cực rõ rệt. 
Lý do phân tích: Điểm tiêu cực bằng 0 vì nội dung đầu vào là một bài báo cáo tin tức mang tính học thuật, không chứa bất kỳ từ khóa cảm xúc (bức xúc, phàn nàn) hay các vấn đề đào tạo/quản lý bị đánh giá thấp theo bảng từ khóa.",Thấp,Không cần xử lý,18:19:31 5/5/2026,
,Ấm áp Tết Chôl Chnăm Thmây và Tết Bun Pi May tại Trường Đại học Cửu Long - Báo Người Lao Động,https://news.google.com/rss/articles/CBMitAFBVV95cUxPaG13QUg3bkx0MFJuMnRXU1BDZk9iY1RmLXpaMHAxT25aaEwzSGdKZ2VIWmgwQ3hjU0p4emdtNWxiWHc3ZDNZdGJvRWhCMTdhbmI4VHVUa3VBQnlvM3FCTDhTZVdTQ3FQd0xiblhmaXg4akVPMFRLQ01mN0tLUWlna3FGejV0RkxPZWpzeXNkYmJHUjUtWXhHUW9XeW5YcnBreXROM1otcG44TlN4MncyX01sRFI?oc=5,,Sự kiện,FALSE,0,"Trung tính / Bình thường Phân tích bài viết: Bài viết đưa tin tích cực về các sự kiện văn hóa và hoạt động học thuật tại trường. Không phát hiện từ khóa tiêu cực hoặc ngôn ngữ mang tính chỉ trích. 
Lý do phân tích: Điểm số tiêu cực bằng 0 vì nội dung hoàn toàn mang tính báo chí tin tức về sự kiện. Không có từ khóa cảm xúc/học thuật nào bị kích hoạt điểm trừ và không nhận diện được ngôn ngữ lóng hay mỉa mai.",Thấp,Không cần xử lý,18:21:58 5/5/2026,
Quét_cái_mã,Cần tìm gấp trọ gần dhcl sạch sẽ thoáng mát,https://www.facebook.com/groups/mku.cfs/posts/2216340025772800/,"[object Object],[object Object],[object Object],[object Object],[object Object] Tổng số linhg luận: 5","[""Nhà trọ / Ký túc xá""]",FALSE,0,"Đánh giá: Trung tính / Bình thường Phân tích bài viết: Đây là một bài viết đơn giản yêu cầu tìm trọ gần Đại học Cửu Long, không có ngôn từ tiêu cực hoặc ngữ cảnh mỉa mai nào. Phân tích bình luận: Các bình luận chủ yếu liên quan đến việc cần trọ và cung cấp thông tin về các phòng đang được cho thuê. Không có ý kiến tiêu cực hay lời nói mỉa mai trong số này. Lý do dánh giá: Nội dung bài viết và bình luận không chứa bất kỳ từ ngữ tiêu cực nào, cũng như không thấy dấu hiệu của tiếng lóng hoặc mỉa mai. Các câu hỏi và thông tin được đưa ra một cách khách quan và cần thiết.",Thấp,Không cần xử lý,21:17:16 5/5/2026,
Quét_cái_mã,Cần tìm gấp trọ gần dhcl sạch sẽ thoáng mát,https://www.facebook.com/groups/mku.cfs/posts/2216340025772800/, Tổng số linhg luận: 0,"[""CHƯA XÁC ĐỊNH""]",FALSE,0%,Đánh giá: CHƯA XÁC ĐỊNH Phân tích bài viết:  Phân tích bình luận:  Lý do dánh giá: ,CHƯA XÁC ĐỊNH,Không cần xử lý,21:35:43 5/5/2026,
Ẩn danh,cho em hỏi từ đây đến thi kết thúc năm học thì còn hoạt động nào được cộng điểm công tác xã hội nữa hk ạ,https://www.facebook.com/groups/mku.cfs/posts/2216337249106411/,[object Object] Tổng số linhg luận: 1,"[""Hỏi thông tin"",""Thông tin về hoạt động học sinh""]",FALSE,0%,"Đánh giá: Trung tính / Bình thường Phân tích bài viết: Bài viết của tác giả đang hỏi về hoạt động công tác xã hội mà học sinh có thể tham gia nữa trong thời gian còn lại cho đến khi kết thúc năm học. Phân tích bình luận: Chỉ có một bình luận đơn giản trả lời câu hỏi, không gây ra bất kỳ cảm xúc tiêu cực nào và không mang tính mỉa mai hoặc tiếng lóng. Lý do dánh giá: Nội dung của bài viết và bình luận là trung lập với mức độ tiêu cực thấp. Không có thông tin chỉ trích hoặc phê phán rõ ràng nào nên đánh giá được xem là 'Trung tính / Bình thường'.",Thấp,Không cần xử lý,21:36:29 5/5/2026,
Ẩn danh,Em ở ktx mn cho em hỏi là em có cần đem hết tất cả đồ ở ktx về k hay vẫn đc để đồ ạ,https://www.facebook.com/groups/mku.cfs/posts/2216329512440518/,"- Người tham gia ẩn danh: Bn muốn đi đâu à
- Người tham gia ẩn danh: Người tham gia ẩn danh 660 hè nên về quê á
- Người tham gia ẩn danh: Người tham gia ẩn danh 660 tại cha mẹ mình vẫn muốn mình ở ktx á
- Người tham gia ẩn danh 660: Người tham gia ẩn danh ưm mik nghĩ bn nên tìm trọ đi, sắp tới mấy e k27 zo coi chừng ko đủ ktx ngta đuổi ra luôn đấy Tổng số linhg luận: 4","[""Hỏi thông tin"",""Ký túc xá""]",FALSE,0,"Đánh giá: Trung tính / Bình thường Phân tích bài viết: Bài viết là một câu hỏi từ sinh viên về việc xem xét việc chuyển đồ của họ ra khỏi ký túc xá hay không. Nó không chứa bất kỳ thông tin tiêu cực nào. Phân tích bình luận: Các bình luận chủ yếu cho ý kiến riêng cá nhân và không có đánh giá tiêu cực nào được đưa ra. Một số người đề xuất rằng học viên nên tìm trọ thay vì ở ký túc xá, nhưng đây chỉ là một suy đoán cá nhân. Lý do dánh giá: Bài viết và bình luận đều không chứa bất kỳ thông tin tiêu cực nào hoặc tiếng lóng/mỉa mai. Do đó, đánh giá của chúng tôi cho bài viết này là trung tính / bình thường.",Thấp,Không cần xử lý,21:37:27 5/5/2026,
Khôi Nguyễn,Mn ơi ai có thông tin của thầy/cô nào tuyển sinh đào tạo từ xa cho e xin với ạ,https://www.facebook.com/groups/mku.cfs/posts/2216328699107266/,Anhnguyet Pham: Inbox cô hoặc zAlo 0931730345 cô hỗ trợ chi tiết nhé | Mưa Bay: Ib đi em 2 Tổng số linhg luận: 2,"[""Đào tạo""]",FALSE,0,"Đánh giá: Trung tính / Bình thường Phân tích bài viết: Bài viết của tác giả đang tìm kiếm thông tin tuyển sinh đào tạo từ xa tại Đại học Cửu Long. Bài viết không chứa bất kỳ nội dung tiêu cực hay mỉa mai nào. Phân tích bình luận: Có hai bình luận, nhưng không có ngôn ngữ tiêu cực hoặc mỉa mai. Một người đang hỗ trợ trực tiếp tác giả thông qua liên hệ cá nhân và một người khác chỉ đơn giản trả lời câu hỏi của tác giả bằng cách viết số điện thoại. Lý do dánh giá: Bài viết và bình luận đều không chứa bất kỳ nội dung tiêu cực hay mỉa mai nào. Mức độ tích cực cao nên đánh giá là trung tính hoặc bình thường.",Thấp,Không cần xử lý,21:38:14 5/5/2026,
RedLion9310,Các anh chị nghĩ sao về 1 bạn học trường giáo dục thường xuyên mà lo học với không có tụ tập ăn chơi quậy phá ạ. ( Em con trai ),https://www.facebook.com/groups/mku.cfs/posts/2216308892442580/,"tatcacacemlacuaanh: Báo công an | 123ebe: Sao cứ thấy có vấn đề ấy nhở, có mùi nguy hiểm | naniniiniani: học ở đâu làm dì cũng được, đừng bị lây bởi mấy cái đó là được | Người tham gia ẩn danh 676: Tối thiểu của 1 ng con trai rồi mà nhỉ nói như ko ăn chơi quậy phá là ngonnn lắm rồi | Hoanq Phonqq: Thànhh Đạtt | Hoài Thanh Xuân: thấy bình thường | Boihaimaidaiamduong2020: Bth thoi | Người tham gia ẩn danh 213: Bình thường | Physical Trọng Nguyễn: Ái Vi đẹp trai là tui chấp nhận hết | LavenderQuince1072: có cố gắng là tốt rùi 10 Tổng số linhg luận: 10","[""Đời sống sinh viên""]",FALSE,5,"Đánh giá: Bình thường Phân tích bài viết: Bài viết đề cập đến sự lo lắng của người cha về một tình hình mà anh chị em sinh viên học tập quá nặng nề và thiếu thời gian để tận hưởng cuộc sống. Tuy nhiên, bài viết không thể cho thấy thái độ tiêu cực mạnh mẽ. Phân tích bình luận: Các bình luận đa số bình thường hoặc tích cực với một số người chỉ ra rằng anh chị em sinh viên cần phải cân nhắc giữa việc học và giải trí để phát triển toàn diện. Không có sự mỉa mai, phê phán hay tiếng lóng trong các bình luận này. Lý do dánh giá: Bài viết không thể cho thấy thái độ tiêu cực mạnh mẽ hoặc gây hại đến thương hiệu.",Thấp,Không cần xử lý,21:39:19 5/5/2026,
Thùy Trâm,Mình là cụ Sanh Viên Trường chào mấy bạn nha hihi...,https://www.facebook.com/groups/mku.cfs/posts/2216313825775420/,E cũng là cựu sinh viên trường e xin kính chào chị nhá Tổng số linhg luận: 1,"[""Đời sống sinh viên""]",FALSE,0,"Đánh giá: Bình thường Phân tích bài viết: Bài viết này chia sẻ cảm xúc và lời chào nhẹ nhàng giữa một cựu sinh viên trường với cộng đồng. Phân tích bình luận: Bình luận cũng đơn giản và thân thiện, không có biểu hiện tiêu cực hoặc mỉa mai. Lý do dánh giá: Nội dung chia sẻ nhẹ nhàng và tôn trọng người khác nên được đánh giá là bình thường.",Thấp,Không cần xử lý,21:39:58 5/5/2026,
AmbitiousFish5064,Cần tìm in4 bn này nảy gặp bn ngủ trong thang máy nhìn dthương quá ,https://www.facebook.com/groups/mku.cfs/posts/2216248262448643/,Ngân Quỳnh: Yến Oanh dắt về cho uống thuốc đi bà | Thành Huyy: Huỳnh Lê Công Nhật nhìn quen quen bạn | Người tham gia ẩn danh 172: Khanh Lê nhìn quen quen mậy | NT Hyền Trân: Khanh Vy Nguyễn Huỳnh Như ê nó kìa 4 Tổng số linhg luận: 4,"[""Đời sống sinh viên"",""Nhu cầu học tập""]",FALSE,10,"Đánh giá: Trung tính / Bình thường Phân tích bài viết: Bài viết đề cập đến việc tìm kiếm học sinh gặp nguy hiểm trong trường, có thể liên quan đến vấn đề an ninh và môi trường sống của sinh viên. Phân tích bình luận: Các bình luận chủ yếu là những lời châm nại nhưng không gây sự kích thích hoặc xúc phạm mạnh mẽ. Các người tham gia đều thấy điều này như một vấn đề cần được giải quyết, nhưng chưa thể xác định mức độ nghiêm trọng. Lý do dánh giá: Bài viết và bình luận có nội dung khá trung tính và chủ yếu phản ánh quan điểm của người dùng về an ninh và môi trường sống tại đại học. Không thấy sự kích thích hoặc xúc phạm mạnh mẽ nên được đánh giá là 'Trung tính / Bình thường'.",Thấp,Không cần xử lý,21:40:52 5/5/2026,
pig iu,Anh chị cho em hỏi giấy chứng nhận lớp bồi dưỡng đảng mình nhờ ngkhác nhận dùm được k ạ,https://www.facebook.com/groups/mku.cfs/posts/2216280835778719/,"Mưa Bay: Ko được nhá e,Mưa Bay: pig iu thường là giấy chứng nhận lớp cảm đảng ai đi học phải nhận giấy chứ ko nhận thay được còn phải ký xác nhận này kia nữa e,pig iu: Mưa Bay dạ mình nhờ lớp trưởng nhận cũng hong được hả c 3 Tổng số linhg luận: 3","[""Hỏi thông tin""]",FALSE,0,"Đánh giá: Trung tính / Bình thường Phân tích bài viết: pig iu đang hỏi về quy trình nhận giấy chứng nhận lớp bồi dưỡng đảng của mình. Phân tích bình luận: [object Object],[object Object],[object Object] Lý do dánh giá: Nội dung bài viết và bình luận chủ yếu là người hỏi và trả lời câu hỏi của họ. Không có ngôn từ tiêu cực hoặc mỉa mai trong nội dung này.",Thấp,Không cần xử lý,21:41:47 5/5/2026,
Ẩn danh,Ở cổng sau trường còn trọ nào trống kh ạ?,https://www.facebook.com/groups/mku.cfs/posts/2216260762447393/,"Sương Nguyễn: Võ Thị Cẩm Thuý cổng sau. Trọ lầu mới xây, ngay xe nước mía | Người tham gia ẩn danh 937: ở ghép với tui hong ông | Ngọc Yến: Dạ có phòng cho 1 ng ở ạ 3 Tổng số linhg luận: 3","[""Hỏi thông tin""]",FALSE,0,"Đánh giá: Được đánh giá là Trung tính / Bình thường bởi vì không có bất kỳ phần nào tiêu cực hoặc mỉa mai trong bài viết và bình luận. Phân tích bài viết:  Bài viết hỏi thông tin về trọ còn trống ở cổng sau trường Đại học Cửu Long, đây là một câu hỏi khách quan mà không thể đánh giá tính tích cực hay tiêu cực được. Nội dung đơn giản và chỉ đơn thuần để tìm kiếm thông tin. Phân tích bình luận: Bình luận đều liên quan đến chủ đề bài viết và cung cấp thêm thông tin hữu ích cho người hỏi, không có từ ngữ tiêu cực hoặc mỉa mai. Lý do dánh giá: Theo đánh giá của tôi, phần trăm tiêu cực là 0 vì không thấy bất kỳ nhận xét tiêu cực nào. Bài viết và các bình luận đều trung tính, không chứa lời khen ngợi hay phê phán sâu sắc.",Thấp,Không cần xử lý,21:42:39 5/5/2026,
NAM_HỌC_LUẬT,Mình tặng 6 câu Kinh Tế Chính Trị của thầy lợi có gì mn để lại sdt mik ib ạ - mik xin phép ko tặng m bạn học luật nha mong add duyệt,https://www.facebook.com/groups/mku.cfs/posts/2216218695784933/,"0916344246, 0376138429, 0706494547, 0786838510, Bảo Nam, 0375494232, 0789514887, 0948203418, 0389737287, 0788242921 Tổng số linhg luận: 10","[""Đời sống sinh viên""]",FALSE,5,"Đánh giá: Trung tính / Bình thường Phân tích bài viết: Bài viết có chủ đề liên quan đến việc tặng sách cho bạn bè. Nội dung đơn giản và lịch sự. Phân tích bình luận: 10 người đã tham gia trao đổi thông tin liên hệ, không thấy biểu cảm tiêu cực hoặc tiếng lóng trong nội dung bình luận. Lý do dánh giá: Nội dung bài viết và bình luận đều lịch sự và không có đánh giá tiêu cực nào.",Thấp,Không cần xử lý,21:43:33 5/5/2026,
BreathtakingBee5279,Em có cái tính là ngủ rồi ngáy mà học qs ở chung ngủ ngáy sợ mấy bạn xa lánh quá,https://www.facebook.com/groups/mku.cfs/posts/2215698039170332/,Zazzaeijfh: mua miếng dán chống ngáy đi bạn | Tường Vi: Pha Pha | Ngọc Hà: Pha Pha thì ngáy to hơn bạn là được | Kim Ngân: Pha Pha trả lời đi bà | Thuỳ Chăm: Pha Pha Lê Nguyễn Duy An quen hong | ẻchaybetbet: Tui hong ngáy mà tui nghiến răng với nói mớ | Người tham gia ẩn danh 646: Sẽ có cách trị hết á bạnnn | Cá_biêtBay: B sẽ đc xếp đi trực nên an tâm nhé8 Tổng số linhg luận: 8,"[""Đời sống sinh viên"",""Ngáy ngủ""]",FALSE,15,"Đánh giá: Trung tính / Bình thường Phân tích bài viết: Em chia sẻ cảm xúc khó chịu khi phải ngủ cùng người khác trong một phòng học, gây ra sự sợ hãi về không gian riêng tư. Phân tích bình luận: Những bình luận đa phần nhẹ nhàng và cung cấp ý kiến hữu ích như cách dán chống ngáy hoặc đề xuất sắp xếp lại phòng để tăng tính riêng tư. Không có nội dung tiêu cực đáng kể trong các phản hồi. Lý do dánh giá: Bài viết chủ yếu miêu tả cảm xúc cá nhân với mức độ tiêu cực thấp, không có phần nào gây bức xúc mạnh mẽ. Các bình luận cũng đa phần tích cực hoặc trung lập, không chứa ngôn từ mỉa mai hoặc thái độ tiêu cực.",Thấp,Không cần xử lý,00:33:56 6/5/2026,
,,, Tổng số linhg luận: 0,"[""CHƯA XÁC ĐỊNH""]",FALSE,0,Đánh giá: CHƯA XÁC ĐỊNH Phân tích bài viết:  Phân tích bình luận:  Lý do dánh giá: ,CHƯA XÁC ĐỊNH,Không cần xử lý,00:37:08 6/5/2026,
,,, Tổng số linhg luận: 0,"[""CHƯA XÁC ĐỊNH""]",FALSE,0,Đánh giá: CHƯA XÁC ĐỊNH Phân tích bài viết:  Phân tích bình luận:  Lý do dánh giá: ,CHƯA XÁC ĐỊNH,Không cần xử lý,00:37:34 6/5/2026,
quydeptrai9642,Giờ bạn nữ nào rảnh qua rước mình đi cf ạ( có trả tiền),https://www.facebook.com/groups/mku.cfs/posts/2216131925793610/,Dương Nguyễn Tấn Tài: Minh Anh Ngô Thành | Diễm My: Le Hoang Tuan Khanh Qui Tran Thanh Như | AmbitiousFish5064: Huỳnh Lê Công Nhật đi đi bn3 Tổng số linhg luận: 3,"[""Đời sống sinh viên""]",FALSE,20,"Đánh giá: Tiêu cực / Tiềm báo Phân tích bài viết: Nội dung bài viết đề cập đến việc nữ sinh đi ra ngoài chơi không trả tiền, thể hiện thái độ chủ quan và thiếu trách nhiệm với bản thân. Phân tích bình luận: 3 bình luận của người khác đều cho rằng người đăng có hành động không phù hợp, nhưng chưa đến mức gây ảnh hưởng nghiêm trọng. Lý do dánh giá: Điểm số tiêu cực cao do nội dung bài viết thể hiện thái độ chủ quan và thiếu trách nhiệm. Tuy nhiên, với ít bình luận và tính chất nhẹ nhàng nên chưa phải là mối đe dọa lớn đến thương hiệu.",Thấp,"Tổ chức một buổi đào tạo về đạo đức học tập để nâng cao nhận thức của sinh viên. Tạo cơ hội cho họ hiểu rõ tầm quan trọng của việc thực hiện các hoạt động lành mạnh, an toàn và có trách nhiệm.",00:38:24 6/5/2026,
Ẩn danh,"Địa chỉ của bài viết: https://www.facebook.com/groups/mku.cfs/posts/2217345002338969/
Bài viết và các bình luận chủ yếu tập trung vào việc phân tích thông tin về việc học điều dưỡng tại Đại học Cửu Long, đề cập đến mức chi phí của khóa học và gợi ý phương án hỗ trợ tài chính. Người tham gia chia sẻ nhiều lời khuyên và sự ủng hộ cho người muốn tiếp tục học mà không lo lắng về vấn đề chi phí.",https://www.facebook.com/groups/mku.cfs/posts/2217345002338969/,"[object Object],[object Object],[object Object],[object Object],[object Object],[object Object],[object Object],[object Object],[object Object] Tổng số linhg luận: 9","[""Hỏi thông tin"",""Đào tạo""]",FALSE,0,"Đánh giá: Trung tính / Bình thường Phân tích bài viết: Bài viết chia sẻ thông tin về chi phí học điều dưỡng và gợi ý giải quyết vấn đề tài chính cho người muốn tiếp tục học. Phân tích bình luận: Các bình luận chủ yếu ủng hộ việc học, đưa ra lời khuyên hỗ trợ tài chính và không có dấu hiệu tiêu cực hoặc mỉa mai nào. Các câu trả lời đa dạng nhưng đều xây dựng một không khí tích cực. Lý do dánh giá: Bài viết và các bình luận tập trung vào thông tin và hỗ trợ, không chứa ngôn từ tiêu cực hay thái độ mỉa mai.",Thấp,Không cần xử lý,10:52:31 7/5/2026,
CaringOtter6373,"Em đang tìm việc làm thêm cho sv ạ lương 18k cao hơn càng tốt ạ . Trong khu vực VL gần trường càng tốt ạ , mn ai biết thì cho e xin ạ , em xin cảm ơn.",https://www.facebook.com/groups/mku.cfs/posts/2217345499005586/,Người tham gia ẩn danh 228: hồng trà tuổi thơ nha bạn cuối chợ phước yên A á thấy đang tuyển | Tiến Đạt: Ib zalo a | OptimisticFlamingo7132: bạn làm quán nhậu kh 6-11h 20k tiếng | Tr Anh Thu: Mình thấy tuyển 4 -9 h á b 20 k tiếng có gì b lh đi4 Tổng số linhg luận: 4,"[""Đời sống sinh viên""]",TRUE,50,"Đánh giá: Trung bình Phân tích bài viết: Bài viết của tác giả đang tìm kiếm việc làm thêm với mức lương mong muốn cao và khu vực gần trường. Phân tích bình luận: Có một vài ý kiến từ người khác nhưng không có sự phản ánh tiêu cực sâu sắc nào. Một số lời mời tuyển dụng, một lời khuyên về nơi làm việc và cả một yêu cầu để liên hệ (đúng cách). Không thấy tiếng lóng hoặc mỉa mai trong nội dung. Lý do dánh giá: Phần trăm tiêu cực được tính dựa trên những bình luận không có ngữ cảnh tiêu cực rõ rệt. Việc tìm kiếm công việc là một nhu cầu hợp lý và thông tin tuyển dụng cũng phù hợp với tình hình thực tế.",Thấp,Không cần xử lý,10:53:36 7/5/2026,
SoftLobster5166,fIND rOTo NEAR sCHOOl aHA,https://www.facebook.com/groups/mku.cfs/posts/2217397812333688/,"hOC nONG hOC: minH tim bUOn Nu o GEp, miNh lai dO djac CHaN, k oNH aHa, 1tr2 share tien dau fuLL, cach truong 4km ib 09457949491 Tổng số linhg luận: 1","[""Nhà trọ"",""Ký túc xá""]",FALSE,0,"Đánh giá: Trung tính / Bình thường Phân tích bài viết: Đây là một bài viết tìm trọ gần trường, không chứa bất kỳ nội dung tiêu cực nào. Phân tích bình luận: Bình luận có vẻ là thông tin cá nhân và liên hệ trực tiếp với chủ đề nhà trọ. Không có bất kỳ chỉ trích hay đánh giá tiêu cực nào được đưa ra trong bình luận này. Lý do dánh giá: Nội dung bài viết và bình luận không chứa ngôn từ tiêu cực hoặc mỉa mai, cũng như không gây ảnh hưởng đến thương hiệu đại học Cửu Long. Bài viết và bình luận tập trung vào chủ đề nhà trọ và có tính chất thông tin cá nhân.",Thấp,Không cần xử lý,10:54:29 7/5/2026,
,TTH Group đặt hàng đào tạo nguồn nhân lực với Trường Đại học Cửu Long - Vietnam.vn,https://news.google.com/rss/articles/CBMilwFBVV95cUxPbVNkNDlkX2lObXJXSTlXbml5cURieWRraG9FVGNFU28za0R5LXBOSFRXN19GYXlfendOTm41NTJrdzJNeHAtUTVlWFhLVUdDcEJpSWNCbzlNWEFZUHpjZ2tXcnlrLWc3dzItTDIyemlzeW1UbzRrUXdFQ2g5SzN5VnplSFVKMzZubFduNC1UckdDb1dLc0l3?oc=5,,Đào tạo,FALSE,30,"Bình thường Phân tích bài viết: Không có từ khóa tiêu cực rõ rệt trong bài viết. 
Lý do phân tích: Chỉ chứa thông tin về việc TTH Group đặt hàng đào tạo nguồn nhân lực, không có từ khóa tiêu cực hoặc tiếng lóng cụ thể.",Thấp,Không cần xử lý,10:56:09 7/5/2026,
Ẩn danh,Cho mình hỏi khi nào thi cuối kỳ 2 vậy ạ,https://www.facebook.com/groups/mku.cfs/posts/2218116225595180/,Người tham gia ẩn danh 778: lên web coi đi bạn có chắc h có r đó Tổng số linhg luận: 1,"[""Hỏi thông tin""]",FALSE,0,"Đánh giá: Trung tính / Bình thường Phân tích bài viết: Bài viết là một câu hỏi về thời gian thi cuối kỳ của Đại học Cửu Long. Phân tích bình luận: Bình luận có thể hiểu là người khác đang cung cấp hướng dẫn, nhưng không phản ánh sự tiêu cực nào. Lý do dánh giá: Không thấy bất kì đánh giá hay nội dung tiêu cực nào trong bài viết và bình luận. Bài viết chỉ đơn giản là hỏi thông tin, nên được đánh giá là trung tính / bình thường.",Thấp,Không cần xử lý,22:16:47 7/5/2026,
Quốc Thái,"Lý điệu đột phá sinh laptop định hình...???
Tăng tuổi thọ máy, năng cao hiệu suất tản nhiệt
Giảm giật lag và ngăn ngừa hỏng linh kiện do quá nhiệt.
Ghế ngày FPT SHOP Hoà Phú đạt được sự kiện sinh laptop miễn phí còn có ưu đãi mua hàng",https://www.facebook.com/groups/mku.cfs/posts/2214687339271402/,Thư Thư: Tuyệt vời . Mới ghé shop vệ sinh miễn phí còn có ưu đãi mua hàng | Vedan Nguyễn: Tuyệt vời Tổng số linhg luận: 2,"[""Cơ sở vật chất""]",FALSE,0,"Đánh giá: Trung tính / Bình thường Phân tích bài viết: Đây là bài viết giới thiệu sản phẩm laptop được giảm giá và có ưu đãi mua hàng tại FPT_SHOP Hoa Phú. Phân tích bình luận: Cả hai bình luận đều phản hồi tích cực về chất lượng sản phẩm, không thấy bất kỳ ý kiến tiêu cực nào. Lý do dánh giá: Không có đánh giá tiêu cực từ người dùng và nội dung bài viết chủ yếu giới thiệu sự kiện giảm giá và ưu đãi mua hàng nên được đánh giá trung tính.",Thấp,Không cần xử lý,22:17:37 7/5/2026,
SkilledDeer9215,Cho em hỏi là thi chứng chỉ tiếng anh: đọc nghe viết nói có dễ hông ạ? Thi cùng một buổi luôn hay sao ạ?,https://www.facebook.com/groups/mku.cfs/posts/2218101992263270/,"Mưa Bay: Dễ lắm e oi, thi nằm trong 5 đề hết. Thí một ngày là xong à. Tổng số linhg luận: 1","[""Hỏi thông tin"",""Thi tiếng Anh""]",FALSE,0,"Đánh giá: Trung tính / Bình thường Phân tích bài viết:  Bài viết đang hỏi thông tin về độ khó của việc thi chứng chỉ tiếng Anh, cụ thể là trong khía cạnh đọc nghe viết nói và liệu có nên tham gia cùng một buổi hay không. Phân tích bình luận:  Bình luận cho bài viết này chủ yếu phản hồi về câu trả lời của tác giả. Người bình luận bày tỏ rằng việc thi tiếng Anh có thể dễ dàng hơn với thời gian để chuẩn bị, nhưng không đánh giá tiêu cực hoặc tích cực về vấn đề. Lý do dánh giá: Bài viết và bình luận chủ yếu là trao đổi thông tin và kiến thức. Không thấy ngôn từ tiêu cực hay lời chỉ trích nào được sử dụng, do đó có thể xem xét mức độ rủi ro thấp.",Thấp,Không cần xử lý,22:18:28 7/5/2026,
lười_quá_chời,Lập team đi quét lá đa hết mấy chùa ở vĩnh long này tích phước để sài chứ dạo này cạn phước lắm rồi đúng là năm cá nhân số 9 mà,https://www.facebook.com/groups/mku.cfs/posts/2217969422276527/,Người tham gia ẩn danh 682: nam hay nữ dị | Người tham gia ẩn danh 147: Phước Trường đăng kí đi em trai | Người tham gia ẩn danh 316: Cho ké3 Tổng số linhg luận: 3,"[""Đời sống sinh viên""]",FALSE,0,"Đánh giá: Bình thường Phân tích bài viết: Bài viết chủ yếu là một thông tin về việc tìm người đi quét lá đa để tích phước. Không có phần nào diễn đạt cảm xúc tiêu cực hoặc mỉa mai. Phân tích bình luận: Không có bình luận rõ ràng biểu hiện cảm xúc tiêu cực hay tiếng lóng, nhưng có vẻ như không nhiều ý kiến tham gia vào bài viết. Có thể là do chủ đề bài viết chưa phổ biến hoặc gây ít chú ý. Lý do dánh giá: Bài viết và các bình luận không chứa bất kỳ yếu tố tiêu cực nào, cũng không biểu hiện tiếng lóng/mỉa mai. Nội dung chủ yếu tập trung vào việc tìm người đi quét lá đa, có thể được coi là thông tin hữu ích cho sinh viên.",Thấp,Không cần xử lý,22:19:21 7/5/2026,
Ẩn danh,ai đó cho t xin tí rì viu Gold Tea với Hồng Trà Tuổi Thơ đi,https://www.facebook.com/groups/mku.cfs/posts/2218055635601239/,"[object Object],[object Object],[object Object] Tổng số linhg luận: 4","[""Đời sống sinh viên""]",FALSE,25,"Đánh giá: Trung tính / Bình thường Phân tích bài viết: Bài viết đề cập đến việc cho t xin tí rì viu Gold Tea với Hồng Trà Tuổi Thơ. Bài viết không chứa ngữ cảnh cụ thể và chủ đề không rõ ràng, khiến nó khó phân loại. Phân tích bình luận: Có tổng cộng 4 bình luận. Không có ý kiến tiêu cực hoặc mỉa mai nào được chỉ ra trong các bình luận này. Một số người cảm thấy nước của Gold Tea ngon và mong muốn thử thêm, một số người cho rằng Gold tea đang tiến bộ nhưng có một số người cảm thấy không hài lòng với chất lượng sản phẩm. Lý do dánh giá: Bài viết không chứa thông tin đủ để đánh giá mức độ tiêu cực hoặc mỉa mai. Mặc dù có sự phản hồi từ các thành viên, không có nhận xét cụ thể về trải nghiệm của họ vớiGold Tea.",Thấp,Không cần xử lý,22:20:25 7/5/2026,
,,, Tổng số linhg luận: 0,"[""CHƯA XÁC ĐỊNH""]",FALSE,0,Đánh giá: CHƯA XÁC ĐỊNH Phân tích bài viết:  Phân tích bình luận:  Lý do dánh giá: ,CHƯA XÁC ĐỊNH,Không cần xử lý,22:21:27 7/5/2026,
Ẩn danh,Mn ơi cho e hỏi thi chứng chỉ tiếng anh ôn thi đề ra sao ạ,https://www.facebook.com/groups/mku.cfs/posts/2217993842274085/,Mưa Bay: Ôn hết 5 đề và thi cung nằm trong 5 đề đó thôi e | Mưa Bay: Người tham gia ẩn danh 366 ko e dễ à | Người tham gia ẩn danh 366: Mưa Bay thi thầy cô gát khó hok c3 Tổng số linhg luận: 3,"[""Hỏi thông tin"",""Thi chứng chỉ tiếng anh""]",FALSE,5,"Đánh giá: Trung tính / Bình thường Phân tích bài viết: Bài viết của tác giả hỏi về cách chuẩn bị cho kỳ thi chứng chỉ tiếng Anh. Phân tích bình luận: 3 bình luận chủ yếu thảo luận về khả năng khó khăn trong việc ôn luyện và làm bài thi, không có ngôn từ tiêu cực hoặc mỉa mai. Một người bình luận nhận thấy câu hỏi của mình được giải thích một cách hữu ích. Lý do dánh giá: Bài viết chỉ đơn thuần là một câu hỏi thông tin với các bình luận trung tính và hữu ích cho tác giả. Không có ngôn từ tiêu cực hoặc mỉa mai.",Thấp,Không cần xử lý,22:22:16 7/5/2026,
Xuan Mai,"Năng lượng tích cực. Mình sẽ nhận hữu duyên xem Tarot phí tuỳ tâm cho 5 bạn hợp năng lượng, không giới hạn câu hỏi 30', xem mọi vấn đề và luôn kèm lời khuyên nha",https://www.facebook.com/groups/mku.cfs/posts/2217781355628667/,Xuan Mai: .1 Tổng số linhg luận: 1,"[""Hỏi thông tin"",""Tarot""]",FALSE,0,"Đánh giá: Bình thường Phân tích bài viết: Bài viết của Xuân Mai chia sẻ thông tin về việc nhận hữu duyên xem Tarot phí tuỳ tâm với mục đích giúp đỡ học sinh, tạo năng lượng tích cực và tư vấn. Nội dung chủ yếu là thông tin và không có phần đánh giá hoặc phê phán nào. Phân tích bình luận: Không có bình luận nào được đưa ra trong bài viết này Lý do dánh giá: Nội dung của bài viết thuộc dạng chia sẻ thông tin hữu ích. Không có bất kỳ từ ngữ tiêu cực hay cảm xúc tiêu cực nào thể hiện được.",Thấp,Không cần xử lý,22:23:00 7/5/2026,
Công Vĩ,"pass gấp bé gà 1k6, 130k
mua 1 dc 3( cá rô )",https://www.facebook.com/groups/mku.cfs/posts/2217919465614856/,"mynuhhamtien07: Mua về nấu lẩu được hong bạn
 tui_nè_âý_ơi: bán cho Lê Nhật Long
 Lanh Lanh: Võ Tuấn Cường
 Kim Liên: Cựa tốt ko tuii đem về xóm t đá coiiii
 Âu Đạt Đạt: Mặt nó ngu luôn
 Nguyễn Tâm Đoan: Kkk bay rồi ní ơi6 Tổng số linhg luận: 6","[""Rao vặt""]",TRUE,50,"Đánh giá: Tiêu cực Phân tích bài viết: Nội dung bài viết là một quảng cáo rao vặt bán hàng hóa, không chứa thông tin tiêu cực hoặc tiếng lóng. Phân tích bình luận: Có thể thấy có một số bình luận phê phán và mỉa mai về mặt của người được bán hàng (mình coi mặt nó ngu luôn), nhưng đây vẫn là tình huống nhẹ nhàng nhất. Phần trăm tiêu cực được đánh giá là 50% vì có một nửa bình luận không hài lòng. Lý do dánh giá: Nội dung chủ yếu là rao vặt, chỉ có một số comment tiêu cực nhẹ nhàng về mặt của người bán hàng.",Trung bình - Cao,Đề xuất xử lý cần được xem xét cẩn thận. Cần đảm bảo rằng thông tin rao vặt không gây hiểu lầm hoặc tổn thương đến khách hàng.,22:23:58 7/5/2026,
Hoàng Phương,"ÔN THI, HỌC HÀNH CĂNG THẲNG HÃY ĐẾN VỚI MEO MEO ĐỂ TIẾP SỨC MÙA THI
Khung giờ: 16H – 19H
Ghé Meo Meo là được:
Bánh tráng trộn hương vị độc quyền của meo meo",https://www.facebook.com/groups/mku.cfs/posts/2217953358944800/,Thu Thuyy: Nhả Uyênn ngon điêngggggg | Hoàng Phương: Chơi nhìn yummi quá đii2 Tổng số linhg luận: 2,"[""Đào tạo""]",FALSE,0,"Đánh giá: Trung tính / Bình thường Phân tích bài viết:  Bài viết giới thiệu về các buổi ôn thi và hướng dẫn đến cửa hàng meo meo với bánh tráng trộn độc quyền, không có ngôn từ tiêu cực hoặc mỉa mai. Phân tích bình luận: Cả hai bình luận đều tích cực, với Thu Thuyy bày tỏ thích thú với đồ ăn và Hoàng Phương phản ứng với sự vui vẻ khi nhìn thấy món ngon. Không có bất kỳ chỉ trích nào được phát hiện trong các bình luận này. Lý do dánh giá: Bài viết không chứa nội dung tiêu cực hoặc mỉa mai, cũng như không nhận về bất kỳ vấn đề gì ảnh hưởng đến thương hiệu Đại học Cửu Long. Vì vậy, đánh giá là trung tính / bình thường và mức độ rủi ro thấp.",Thấp,Không cần xử lý,22:24:53 7/5/2026,
Call_me_Khoa111,Sinh Viên Khoa CNTT khoá 26 - Làm Website xem Phim cho các bạn cùng xem. Cách mà mình sử dụng -> Dùng nhiều nguồn API để làm thành một Web Phim HOÀN CHỈNH https://khoamovie.netlify.app,https://www.facebook.com/groups/mku.cfs/posts/2217916608948475/,"Người tham gia ẩn danh 988: Hay quá | Tuann Ann: Tú Emsao em với anh cũng cntt mà | Nguyen Nhut Huy: Giỏi đó, nhưng host này chịu nổi đống vid đó k nhỉ, mà làm vui thì được trích nguồn phim k rõ ăn © thì bóc lịch đó, có tài thì tốt nhưng dùng đúng chổ nhé | Trần Phạm Như Phúc: Võ Duy Phước NP Yến Vy | Mưa Bay: Tuyệt vời | Thái Nguyên: Thời đại AI biết tận dụng AI thì tốt nhưng cần có đủ kiến thức về bảo mật và cấu trúc hệ thống đừng dựa hoàn toàn vào AI quá. | Ngô Thành: Quá đỉnh | The Liêm: Hay ní ơi | Đình Long: wed xịn vi ci eo ông ơi9 Tổng số linhg luận: 9","[""Đời sống sinh viên"",""Phim ảnh""]",FALSE,15,"Đánh giá: Bình thường Phân tích bài viết: Sinh viên Khoa CNTT đang chia sẻ cách làm một trang web xem phim, và họ đã tạo ra một dự án hoàn chỉnh có thể được sử dụng. Phân tích bình luận: Đề cập đến tính chất của host (có tiếng lóng), vấn đề về bản quyền video, cần áp dụng kiến thức bảo mật khi dùng AI, nhưng đa số người đều cho rằng công việc đã làm tốt và thú vị. Lý do dánh giá: Phần trăm tiêu cực thấp và phản hồi bình thường chỉ ra đánh giá trung tính / bình thường. Không có sự kiện nào gây ảnh hưởng đến thương hiệu đáng lo ngại.",Thấp,Không cần xử lý,22:26:01 7/5/2026,
Lê Phan Lan Vy,"ÔN THI, HỌC HÀNH CĂNG THẲNG HÃY ĐẾN VỚI MEO MEO ĐỂ TIẾP SỨC MÙA THI Khung giờ: 16H – 21H Ghé Meo Meo là được:",https://www.facebook.com/groups/mku.cfs/posts/2217949048945231/,"lười_quá_chơi: Có ship hongg ạ | Hào Văn: Ngon mà ơ xa quaa | Người tham gia ẩn danh 764: Nước ngọt quá trời , uống như uống nước đường á pà | Lê Phan Lan Vy: @nêu bật | Người tham gia ẩn danh 409: Hôm nay còn combo 19k ko ạ | Hoàng Phương: Chơi ngon quá lun shop ơi6 Tổng số linhg luận: 6","[""Đào tạo""]",FALSE,0,"Đánh giá: Trung tính / Bình thường Phân tích bài viết: Bài viết này là một lời mời học sinh tham gia các khóa đào tạo, không chứa bất kỳ đánh giá tiêu cực nào. Phân tích bình luận: Bình luận chủ yếu tập trung vào chất lượng sản phẩm của Meo Meo và khuyến khích khách hàng mua sắm thêm. Không có lời khen ngợi hoặc phản ánh tiêu cực từ người dùng. Lý do dánh giá: Không có đánh giá tiêu cực nào được ghi nhận trong bài viết và bình luận. Các bình luận chủ yếu là những câu hỏi, góp ý về chất lượng sản phẩm và khuyến khích mua sắm thêm.",Thấp,Không cần xử lý,22:27:00 7/5/2026,
MotivatedSeahorse5742,mng biết chỗ nào đk thi bằng lái bao đậu không ạ,https://www.facebook.com/groups/mku.cfs/posts/2217291909010945/,Người tham gia ẩn danh 435: đậu thì phải do năng lực của mình nữa chứ ai mà bao đậu hết dc | MotivatedSeahorse5742: Người tham gia ẩn danh 435 ùm năng lực là bạn chạy học đk nma ngta k biết chữ mình hỏi giúp đấy bạn bao đậu ở đây cũng k đồng nghĩa với đưa tiền ngồi không vẫn đậu mà cũng có thể là một người chỉ dạy các mẹo lí thuyết đó ạ! | kaka_so_8: Không có bao đậu đâu chỉ có rớt r thi lại thoi ở vĩnh long có gia thịnh á | MotivatedSeahorse5742: kaka_so_8 chuyện đó ai k biết lên đây hỏi chi hihi Tổng số linhg luận: 3,"[""Đào tạo""]",FALSE,20,"Đánh giá: Tiêu cực thấp Phân tích bài viết: Bài viết hỏi về quy trình đăng ký thi bằng lái và có thể mang tính chất chung cho một số người mới bắt đầu hoặc không chắc chắn trong lĩnh vực đào tạo. Phân tích bình luận: Bình luận chủ yếu là thảo luận nhẹ nhàng giữa các người tham gia, với ít nhất 2 nhận xét tiêu cực nhưng vẫn giữ mức độ tiêu cực thấp do lượng phản hồi và tính tích cực của họ. Lý do dánh giá: Nhiều bình luận không có thái độ tiêu cực và chỉ có một phần nhỏ có thể xem là tiêu cực. Phần trăm tiêu cực được đánh giá ở dưới 15%.",Thấp,Không cần xử lý,22:28:01 7/5/2026,
AmbitiousPapaya3639,Ai nuôi chuột hamter ôn em cho ạ,https://www.facebook.com/groups/mku.cfs/posts/2217862488953887/,nguyễn Đức Duy: cho tui xin dới | Đăng Khoa: cho tui xin i | PastelOwl8944: Còn k bn mình xin vs | Tiếnn Võ: Tui xin dùm NGUYỄN THẠNH PHÚnh | AmbitiousFish5064: Mik ạ5 Tổng số linhg luận: 5,"[""Đời sống sinh viên""]",FALSE,15,"Đánh giá: Trung tính / Bình thường Phân tích bài viết: Bài viết đề cập đến việc nuôi chuột hamster cho bạn, có thể liên quan đến chủ đề đời sống sinh viên nếu đây là một vấn đề mà các sinh viên gặp phải. Phân tích bình luận: Có tổng cộng 5 bình luận với nội dung đơn giản và không chứa ngữ cảnh tiêu cực. Có thể người viết bài đã yêu cầu giúp đỡ hoặc muốn nhận sự hỗ trợ từ bạn bè trong nhóm của mình. Lý do dánh giá: Đánh giá là trung tính vì không có đánh giá tiêu cực rõ ràng nào xuất hiện trong nội dung hoặc bình luận. Phần trăm tiêu cực chỉ đạt 15% và mức độ rủi ro thấp.",Thấp,Không cần xử lý,22:28:54 7/5/2026,
EmpatheticNectarine3928,"Sao nhìn mí bà con gái chơi chung dí nhau dui quá à, tui cũng muốn được như dị, tui cũng muốn có bạn",https://www.facebook.com/groups/mku.cfs/posts/2217887175618085/,"Thấy mấy bn chơi vs nhau vui quá .cx muốn có bn như máy bn , mình hướng nội ko bt bắt chuyện ntn luoonnn...haizzz | OrangeNectarine9438: mình nói chuyện là lát quen liền hà | Người tham gia ẩn danh 663: Cho ké với ạ | Mỹ Hương: Thuy Huynh | Người tham gia ẩn danh 799: Bà học khoa nào dọ | Ng Ngọc Như Ýy: Mai HânNguyễn NgọcVie Vie kết bạn liền đi bà | Tú Em: tui nè | Lê Thị Thảo Trinh: cf làm quen vội | GorgeousPeapod3543: Nữ hả kp đi chơi chung nè | Hoài Thanh Xuân: Tutu cũng sẽ có thôi b10 Tổng số linhg luận: 10","[""Đời sống sinh viên""]",FALSE,5,"Đánh giá: Trung tính / Bình thường Phân tích bài viết: Nội dung bài viết của EmpatheticNectarine3928 phản ánh cảm xúc của một người bạn học sinh khi nhìn thấy người khác có mối quan hệ tình dục. Bài viết không chứa ngôn từ tiêu cực hoặc lời đùa mỉm cười, nhưng vẫn thể hiện sự tự ti và mong muốn thay thế. Phân tích bình luận: Các bình luận chủ yếu là những lời chúc tốt lành với người viết bài, ít nhất có một lần nhắc đến việc làm quen nhanh chóng. Không có ý kiến tiêu cực hay mỉa mai trong các bình luận này. Lý do dánh giá: Bài viết không chứa ngôn từ tiêu cực hoặc mỉm cười, chỉ đơn giản là phản ánh cảm xúc của người bạn sinh viên. Các bình luận cũng đều tích cực và không gây rủi ro thương hiệu.",Thấp,Không cần xử lý,22:30:04 7/5/2026,
MagicalLynx6532,"Đề nghị hỗ trợ việc đăng ký thi các môn sát xuất thống kê, nguyên lý kế toán và kinh tế vĩ mô từ nhiều năm trước.",https://www.facebook.com/groups/mku.cfs/posts/2217856035621199/,"Mưa Bay chỉ đề nghị đăng ký môn XSTK, không phải cả các môn khác. Utt Zauu đồng ý và Mưa Bay xác nhận. Tổng số linhg luận: 3","[""Đào tạo""]",FALSE,0,"Đánh giá: Trung tính / Bình thường Phân tích bài viết:  Bài viết đề xuất hỗ trợ sinh viên đăng ký các môn học đã diễn ra trong thời gian trước. Phân tích bình luận: Bình luận chủ yếu là sự đồng ý từ người dùng và không có bất kỳ thông tin tiêu cực nào được chia sẻ. Lý do dánh giá: Nội dung của bài viết và bình luận đều chuyên về các đề xuất trong quá trình học tập, không thể coi đây là nội dung tiêu cực hoặc gây hại cho thương hiệu Đại học Cửu Long.",Thấp,Không cần xử lý,22:30:48 7/5/2026,
Ẩn danh,trường có ai chơi game này ko nhỉ?,https://www.facebook.com/groups/mku.cfs/posts/2217815272291942/,"- Ground NK: The Vinh Quach Anh Phuong | LoyalParsnip1471: Có tui cx có chs nek :33
- Ngọc Trâm: tui chơi á
- gyliss.05: bạn ui cho mình hỏi một xíu là game này kh nạp có chơi được hông á, kiểu có buộc nạp để mở thêm tính năng hông hay công bằng cho cả cày chay và nạp game (ngoại trừ vde trang phục)
- Người tham gia ẩn danh: gyliss.05 cày chay dư sức có skin đẹp bn ơi
- Tran Huynh Anh Thư: kb dới e nèe
- Người tham gia ẩn danh 843: Có tui nè
- Cá Ngựa UCL: Pai Pai m đăng đk
- Morpheus-K26: Cá Ngựa UCL nope9 Tổng số linhg luận: 9","[""Hỏi thông tin""]",FALSE,15,"Đánh giá: Trung tính / Bình thường Phân tích bài viết:  Bài viết chủ yếu hỏi thông tin về việc có ai đang chơi một game nhất định tại Đại học Cửu Long. Phân tích bình luận: Có tổng cộng 9 bình luận, trong đó người dùng LoyalParsnip1471 và Người tham gia ẩn danh giao tiếp với nhau về việc game có yêu cầu nạp tiền không. Ngôn ngữ sử dụng là văn hóa Việt Nam nên không thấy tiếng lóng hoặc mỉa mai. Lý do dánh giá: Bài viết và bình luận chủ yếu liên quan đến thông tin cá nhân, không chứa ngôn từ tiêu cực nào và có tính trung lập với nội dung đề cập. Mức độ rủi ro thấp vì đây là một câu hỏi và không có sự đánh giá hoặc phản ánh về thái độ của người khác.",Thấp,Không cần xử lý,22:31:56 7/5/2026,
BrilliantReindeer1224,Pass tủ lạnh mini 580k 0939497491lh ạ,https://www.facebook.com/groups/mku.cfs/posts/2217575898982546/,"Người tham gia ẩn danh 341: Quoc Anh bú đi | Người tham gia ẩn danh 344: Tủ lạnh còn k ạ,Lap Ttop: nó có ăn điện kh b | Ngân Kim Phan: Mai Hân,Đăng Khoa: Cho xin zalo | NAM_HỌC_LUẬT: Cho xin sdt ạ,Tuấn Kiệt: Chụp gốc rộng xíu đc hong b | Nguyễn Hữu Trí: Ib mk lấy | Vũ Bằngg: Tâm Huy | Người tham gia ẩn danh 798: Lê Thị Thanh Ngânn10 Tổng số linhg luận: 10","[""Rao vặt"",""Sản phẩm""]",FALSE,30,"Đánh giá: Trung tính / Bình thường Phân tích bài viết: Đây là một bài viết rao vặt sản phẩm tủ lạnh mini, có giá tiền đề xuất là 580k. Bài viết chỉ đưa ra thông tin cơ bản về sản phẩm và không có đánh giá tiêu cực hay tích cực. Phân tích bình luận: Có tổng cộng 10 bình luận nhưng hầu hết của chúng đều tập trung vào việc cung cấp liên hệ hoặc yêu cầu thêm thông tin, với một số lời khuyên về cách chụp ảnh. Không có sự kiện tiêu cực nào được đề cập. Lý do dánh giá: Mặc dù không phải là nội dung tiêu cực, nhưng bài viết và bình luận không thể nói là tích cực vì thiếu cảm xúc hoặc đánh giá cao từ người dùng.",Thấp,Không cần xử lý,22:32:59 7/5/2026,
OptimisticFlamingo7132,baỳ giờ có ai đi bida kh tui chở,https://www.facebook.com/groups/mku.cfs/posts/2217593955647407/,Người tham gia ẩn danh 305: Hữu Vinh ib bn này nhận mọi loại kèo bida | Văn Công Thành: lổ líp ib | Đăng Khoa: Ngô Thành lụm3 Tổng số linhg luận: 3,"[""Đời sống sinh viên"",""Giải trí""]",FALSE,10,"Đánh giá: Trung tính / Bình thường Phân tích bài viết: Chủ đề bài viết chủ yếu là cuộc sống sinh viên và có sự tham gia của người sử dụng mạng xã hội. Phân tích bình luận: Có một bình luận chứa từ ngữ mỉa mai 'lổ líp ib' và một số bình luận không rõ ràng về hành vi cờ bạc, nhưng không thể xác định mức độ tiêu cực cụ thể. Lý do dánh giá: Phần trăm tiêu cực thấp nhưng có sự sử dụng ngôn từ nhẹ nhàng có thể mỉa mai. Không có những biểu hiện tiêu cực mạnh mẽ hoặc gây hại khác.",Thấp,Không cần xử lý,22:33:46 7/5/2026,
HumbleRaccoon1280,ai biết trọ trống gửi thông tin em xin với ạ,https://www.facebook.com/groups/mku.cfs/posts/2217318975674905/,"Công Danh: Trọ chú 10 | học_nông_học: mình tìm bạn nữ ở ghép, mình để đồ đạc trên gác, k ở nhà, 1tr2 share tiền đầy đủ, cách trường 4km ib 0945794949 | PassionateFox9327: Cầu ông me nhỏ được thi đề lại số | KnowledgeableCelery4229: tui cũng kiếm trọ | bemeonho1911: Gần cầu đường chừa có trọ trống nè5 Tổng số linhg luận: 5","[""Đời sống sinh viên""]",FALSE,0,Đánh giá: Trung tính / Bình thường Phân tích bài viết: Bài viết không chứa thông tin tiêu cực hoặc mỉa mai đối với Đại học Cửu Long. Nó chỉ đề cập đến việc tìm kiếm trọ. Phân tích bình luận: Bình luận của người dùng chủ yếu đề cập đến việc tìm kiếm trọ và chia sẻ số điện thoại để thuê trọ. Không có thông tin tiêu cực hay mỉa mai trong các bình luận này. Lý do dánh giá: Không có từ khóa tiêu cực hoặc ngữ cảnh đáng lo ngại được sử dụng trong bài viết và các bình luận.,Thấp,Không cần xử lý,22:34:39 7/5/2026,
Minh Nguyệt,[1. VỊ TRÍ: CASTER – BÌNH LUẬN GAME & THÀNH VIÊN] Số lượng: 2 bạn Xem thêm URL:https://www.facebook.com/groups/mku.cfs/posts/2217312689008867/,https://www.facebook.com/groups/mku.cfs/posts/2217312689008867/, Tổng số linhg luận: 0,"[""Hoạt động sinh viên""]",FALSE,3,"Đánh giá: Trung tính / Bình thường Phân tích bài viết: [1. VỊ TRÍ: CASTER – BÌNH LUẬN GAME & THÀNH VIÊN] Bài viết này giới thiệu về một CLB chuyên nghiệp trong lĩnh vực game và tuyển binh luận từ sinh viên. Phân tích bình luận:  Lý do dánh giá: Nội dung bài viết chủ yếu giới thiệu về hoạt động của một CLB, không có ý kiến tiêu cực nào được đề cập. Phần trăm tiêu cực chỉ là vì sự thiếu bình luận nên hơi thấp.",Thấp,Không cần xử lý,22:35:23 7/5/2026,
BreathtakingBee5279,Giờ này có ai ship trà sữa hk em muốn mua 2 ly,https://www.facebook.com/groups/mku.cfs/posts/2217290839011052/,"[object Object],[object Object],[object Object] Tổng số linhg luận: 3","[""Đời sống sinh viên""]",FALSE,0,"Đánh giá: Trung tính / Bình thường Phân tích bài viết: Bài viết có vẻ là một cuộc gọi để người đọc mua trà sữa ở quán Khánh Nguyên Fruits. Phân tích bình luận: Những bình luận đều phản ánh sự quan tâm và ủng hộ của cộng đồng sinh viên đối với quán trà sữa. Không thấy bất kỳ thái độ tiêu cực nào trong các bài bình luận này. Lý do dánh giá: Không có nhận xét tiêu cực hoặc mỉa mai, vì vậy đánh giá là Trung tính / Bình thường.",Thấp,Không cần xử lý,22:36:18 7/5/2026,
Tăng Nhựt Huy,"Mình có nhận dạy thêm Drum (trống jazz), giáo trình bài bản Lý thuyết và thực hành, cơ bản đến nâng cao theo lộ trình từng cá nhân. Các bạn đam mê âm nhạc liên hệ mình nhé! Sdt,zalo: 0798905168",https://www.facebook.com/groups/mku.cfs/posts/2217284662345003/,"Phan Sỹ Khang: Lênnnn | Nguyen Tuan Kha: Thanh Thúy cho anh họccccc | Tăng Nhựt Huy: Nguyen Tuan Kha anh dạy tại nhà gần ĐHCL, học phí ưu đãi cho các bạn sinh vên! ib anh gửi chi tiết nhaaaa3 Tổng số linhg luận: 3","[""Đời sống sinh viên"",""Công việc nghề nghiệp""]",FALSE,0,"Đánh giá: Trung tính / Bình thường Phân tích bài viết: Chủ đề bài viết chính là dịch vụ dạy drum và hướng dẫn học, phù hợp với đối tượng sinh viên. Nội dung không có từ khóa tiêu cực hoặc tiếng lóng mỉa mai. Phân tích bình luận: Các bình luận chủ yếu phản hồi tích cực về việc nhận giảng dạy thêm của tác giả, không chứa lời lẽ tiêu cực nào và không thấy ai giao tiếp bằng cách tiếu cực hoặc mỉm cười. Bình luận cho thấy sự quan tâm từ người dùng đến thông tin được cung cấp. Lý do dánh giá: Nội dung bài viết và các bình luận đều rất tích cực, không chứa bất kỳ lời lẽ tiêu cực hay tiếng lóng nào. Không có mối đe dọa gì đến thương hiệu của Đại học Cửu Long (MKU/UCL).",Thấp,Không cần xử lý,22:37:18 7/5/2026,
JoyfulLlama6956,Tìm người làm bài nghiên cứu khoa học giá iu thương,https://www.facebook.com/groups/mku.cfs/posts/2217287349011401/,"Phạm Như Huỳnh: Yen Nhi đăng ký đi r chạy SPSS | Người tham gia ẩn danh 247: Mua cho đứa giỏi nhất lớp bạn 2 ly trà sữa rồi nhờ nó viết dàn bài hộ, xong tự viết đi cha cho nó an toàn Tổng số linhg luận: 2","[""Rao vặt""]",FALSE,0,"Đánh giá: Bình thường Phân tích bài viết: Bài viết đề xuất việc tìm người làm bài nghiên cứu khoa học giá rẻ. Nội dung này không chứa ngôn từ tiêu cực hoặc tiếng lóng, chỉ đơn giản là thông tin về nhu cầu dịch vụ. Phân tích bình luận: Cả hai bình luận đều liên quan đến việc tìm kiếm dịch vụ viết bài, nhưng không có nội dung tiêu cực hay tiếng lóng. Bình luận thứ nhất chỉ đề cập đến việc đăng ký làm việc, và bình luận thứ hai đề xuất một cách thân thiện. Lý do dánh giá: Bài viết và bình luận đều là yêu cầu công việc hoặc dịch vụ, không chứa ngôn từ tiêu cực nào.",Thấp,Không cần xử lý,22:38:07 7/5/2026,
AmbitiousFish5064,"Bn mik nói bạn cám dthw quá muốn xin in4 bạn cám, ai có in4 bn cám cho bạn mik vớiiiii",https://www.facebook.com/groups/mku.cfs/posts/2217220365684766/,Đang Huy: Huỳnh Lê Công Nhật làm gì vậy | Người tham gia ẩn danh 368: m hỏi đúng hong!! | tatcacacemlacuaanh: Sao ko chạy lên sk xin luonnn | GrayCaterpillar4046: Giangg Giangg ai kiếm bà kìa | Ai__lò_ve_du: Hỏi bạn Cám đê | Huỳnh Lê Công Nhật: Cl6 Tổng số linhg luận: 6,"[""Đời sống sinh viên""]",FALSE,0,"Đánh giá: Bình thường Phân tích bài viết: Bài viết chủ yếu là một lời khen ngợi về ý chí và quyết tâm của người viết trong việc in thông tin. Không có bất kỳ từ ngữ tiêu cực nào được sử dụng. Phân tích bình luận: Các bình luận chủ yếu là câu hỏi hoặc sự tò mò, không chứa ngôn từ tiêu cực hay tiếng lóng. Lý do dánh giá: Bài viết và các bình luận đều có tính chất tích cực và thân thiện. Không thấy bất kỳ dấu hiệu tiêu cực nào được thể hiện.",Thấp,Không cần xử lý,22:38:59 7/5/2026,
thodangyeu816,"có ai muốn mua laptop cũ không ạ? mình cần bán laptop dell core i3 màn hình 15.6 á, để lại zalo mình liên hệ nếu các bạn cần á, giá trao đổi qua inb nhe",https://www.facebook.com/groups/mku.cfs/posts/2217215522351917/,Phúc Hạnh: Ib nhé 0901245179 | Minh Nhựt: 0775751900 | thodangyeu816: Minh Nhựt đã inb | thodangyeu816: mình cho các bạn test kiểm tra ok hết thì mới lấy tiền á4 Tổng số linhg luận: 4,"[""Rao vặt""]",FALSE,0,"Đánh giá: Trung tính / Bình thường Phân tích bài viết: Đây là một bài viết rao bán laptop cũ của Đại học Cửu Long. Nội dung đơn giản và không gây cảm xúc mạnh. Phân tích bình luận: Có 4 bình luận đơn giản chỉ cung cấp thông tin liên hệ, không có nội dung tiêu cực hoặc mỉa mai. Lý do dánh giá: Nội dung bài viết và bình luận đều khá trung tính, không gây cảm xúc mạnh. Không phát hiện tiếng lóng/mỉa mai.",Thấp,Không cần xử lý,22:39:44 7/5/2026,
AmbitiousFish5064,"Qua gặp bn này ngủ trong thang máy nay lại gặp bn ngủ ở HT6 mà vẫn chưa tìm được in4 bn, bạn nào có in4 bạn này cho mik xin với",https://www.facebook.com/groups/mku.cfs/posts/2217195442353925/,Người tham gia ẩn danh 485: Chắc tự đăng kiếm in4 mình quá | Huỳnh Lê Công Nhật: Khổ | AmbitiousFish5064: Huỳnh Lê Công Nhật bn sắp hot r | Lê Hậu: Huỳnh Lê Công Nhật nay nổi tiếng z m | AmbitiousFish5064: Lê Hậu ah nhật của t mà mậy | Nguyễn Huỳnh Như: Huỳnh Lê Công Nhật lm phiền cfs hả má | Huỳnh Lê Công Nhật: Nguyễn Huỳnh Như cái j nx z fen7 Tổng số linhg luận: 7,"[""Đời sống sinh viên""]",FALSE,10,"Đánh giá: Bình thường Phân tích bài viết: Bài viết chủ yếu là người đang cần giúp đỡ với việc tìm kiếm một chiếc in4. Không có thông tin tiêu cực hoặc mỉa mai rõ ràng. Phân tích bình luận: Các bình luận chủ yếu bày tỏ thái độ lạnh lùng và không tôn trọng người khác, như gọi Huỳnh Lê Công Nhật là 'khổ' và nói rằng ông sắp nổi tiếng. Tuy nhiên, không có lời chỉ trích trực tiếp hoặc mất ngữ cảnh rõ ràng. Lý do dánh giá: Đánh giá bình thường vì thông tin trong bài viết và các ý kiến của người khác đều không thể coi là tiêu cực hoặc mỉa mai mạnh mẽ.",Thấp,Không cần xử lý,22:40:43 7/5/2026,
Hoàng Phương,"CHÍNH THỨC BẮT ĐẦU – DEAL SỐC 19K 
Không phải đùa đâu…
 Hôm nay Meo Meo chính thức chạy ưu đãi chỉ 19K
 Áp dụng trong 2 NGÀY DUY NHẤT",https://www.facebook.com/groups/mku.cfs/posts/2217148165691986/,Vy Nguyễn: Xuống liền mình ơi | thíchmatchalattte: nhìn ngon v tr | Phương Nghi: Kiều Diệp | Bao Nghi: ngon quá anh ơi | Quoc Duy: Mấy đứa bán khúc nào vậy | Phan Tấn Đạt: tui kinh nghiệm 25 năm ăn bánh tráng trộn nè | Phan Tấn Đạt: mộng kha cho test miễn phí hã | Người tham gia ẩn danh 367: Có ship hong | Hoàng Phương: Vẫn còn ưu đãi mn ủng hộ quán mình với nha9 Tổng số linhg luận: 9,"[""Đời sống sinh viên"",""Khuyến mãi""]",FALSE,0,"Đánh giá: Bình thường / Trung tính Phân tích bài viết: Đây là bài viết giới thiệu về một chương trình ưu đãi giảm giá tại quán Meo Meo. Bài viết này không có nội dung tiêu cực và chủ đề chính xác. Phân tích bình luận: Các bình luận đều tích cực, người dùng bày tỏ sự ngưỡng mộ, thích thú với món ăn của quán và mong muốn hưởng ưu đãi giảm giá. Không có tiếng lóng hoặc mỉa mai nào trong các bình luận này. Phần trăm tiêu cực thấp. Lý do dánh giá: Bài viết không chứa bất kỳ thông tin tiêu cực nào mà chỉ giới thiệu về một chương trình khuyến mãi hấp dẫn. Các bình luận cũng chủ yếu tích cực, không có dấu hiệu của tiếng lóng hoặc mỉa mai.",Thấp,Không cần xử lý,22:41:44 7/5/2026,